{
    "Train Accuracy": 0.864,
    "_timestamp": 1575149237.7586653,
    "_runtime": 1.949467420578003,
    "_step": 0,
    "Test Accuracy": 0.6941489361702128
}
