{
    "Test Accuracy": 0.6861702127659575,
    "_runtime": 2.5379743576049805,
    "_step": 0,
    "_timestamp": 1575303556.7030554,
    "Train Accuracy": 0.7302857142857143
}
