{"_timestamp": 1578785956.4283926, "Test Accuracy": 0.6861702127659575, "Train Accuracy": 0.7302857142857143, "_step": 0, "_runtime": 2.8207128047943115}
