{
    "_timestamp": 1575147872.0383327,
    "Train Accuracy": 0.9977142857142857,
    "_runtime": 2.755326271057129,
    "_step": 0,
    "Test Accuracy": 0.6835106382978723
}
