{
    "_timestamp": 1575149093.9980571,
    "Train Accuracy": 0.7188571428571429,
    "Test Accuracy": 0.6914893617021277,
    "_runtime": 1.872511386871338,
    "_step": 0
}
