{
    "Train Accuracy": 0.7302857142857143,
    "_runtime": 2.380110502243042,
    "_step": 0,
    "Test Accuracy": 0.6861702127659575,
    "_timestamp": 1575154383.0421484
}
