{
    "_timestamp": 1575308041.7815752,
    "Test Accuracy": 0.6861702127659575,
    "_step": 0,
    "_runtime": 3.7480335235595703,
    "Train Accuracy": 0.7302857142857143
}
