{
    "_step": 0,
    "_timestamp": 1575149026.9937115,
    "_runtime": 2.4990394115448,
    "Test Accuracy": 0.6861702127659575,
    "Train Accuracy": 0.7302857142857143
}
