{
    "Test Accuracy": 0.6861702127659575,
    "_step": 0,
    "Train Accuracy": 0.7302857142857143,
    "_timestamp": 1575480110.98536,
    "_runtime": 2.6666247844696045
}
