{
    "_step": 0,
    "_runtime": 2.6339011192321777,
    "Test Accuracy": 0.6861702127659575,
    "_timestamp": 1575307800.5036936,
    "Train Accuracy": 0.7302857142857143
}
