{
    "_timestamp": 1575147996.772,
    "_step": 0,
    "Test Accuracy": 0.6808510638297872,
    "_runtime": 2.065722703933716,
    "Train Accuracy": 1.0
}
